municipio_id,ano,pop
2700102,2017,20467
2700201,2017,17818
2700300,2017,234185
2700409,2017,47744
2700508,2017,16064
2700607,2017,8401
2700706,2017,18757
2700805,2017,4453
2700904,2017,6797
2701001,2017,27590
2701100,2017,10675
2701209,2017,10897
2701308,2017,21526
2701357,2017,7024
2701407,2017,57548
2701506,2017,9692
2701605,2017,17983
2701704,2017,17354
2701803,2017,9155
2701902,2017,7427
2702009,2017,10888
2702108,2017,21926
2702207,2017,5918
2702306,2017,57498
2702355,2017,24510
2702405,2017,52597
2702504,2017,11214
2702553,2017,18435
2702603,2017,22481
2702702,2017,4806
2702801,2017,12966
2702900,2017,41279
2703007,2017,15840
2703106,2017,26022
2703205,2017,24793
2703304,2017,18652
2703403,2017,5356
2703502,2017,7135
2703601,2017,8453
2703700,2017,5676
2703759,2017,11782
2703809,2017,24280
2703908,2017,4231
2704005,2017,25093
2704104,2017,18175
2704203,2017,28953
2704302,2017,1029129
2704401,2017,20200
2704500,2017,32940
2704609,2017,9418
2704708,2017,52260
2704807,2017,13514
2704906,2017,3579
2705002,2017,25589
2705101,2017,25012
2705200,2017,17988
2705309,2017,5413
2705408,2017,7260
2705507,2017,28579
2705606,2017,12821
2705705,2017,21767
2705804,2017,9459
2705903,2017,5195
2706000,2017,11772
2706109,2017,11635
2706208,2017,5066
2706307,2017,74208
2706406,2017,24792
2706422,2017,10684
2706448,2017,13252
2706505,2017,15461
2706604,2017,7679
2706703,2017,64497
2706802,2017,18074
2706901,2017,35552
2707008,2017,2953
2707107,2017,25298
2707206,2017,14575
2707305,2017,27501
2707404,2017,7965
2707503,2017,20327
2707602,2017,11496
2707701,2017,76019
2707800,2017,6774
2707909,2017,7386
2708006,2017,48232
2708105,2017,10899
2708204,2017,7058
2708303,2017,24226
2708402,2017,32626
2708501,2017,34961
2708600,2017,61827
2708709,2017,8022
2708808,2017,34551
2708907,2017,13949
2708956,2017,14036
2709004,2017,6270
2709103,2017,20205
2709152,2017,44666
2709202,2017,28070
2709301,2017,66477
2709400,2017,26143
2700102,2018,20162
2700201,2018,17564
2700300,2018,230417
2700409,2018,47000
2700508,2018,15792
2700607,2018,8264
2700706,2018,18455
2700805,2018,4406
2700904,2018,6696
2701001,2018,27168
2701100,2018,10529
2701209,2018,10730
2701308,2018,21194
2701357,2018,6918
2701407,2018,56579
2701506,2018,9549
2701605,2018,17726
2701704,2018,17124
2701803,2018,9000
2701902,2018,7319
2702009,2018,10744
2702108,2018,21575
2702207,2018,5826
2702306,2018,56562
2702355,2018,24129
2702405,2018,51763
2702504,2018,11054
2702553,2018,18153
2702603,2018,22152
2702702,2018,4729
2702801,2018,12773
2702900,2018,40588
2703007,2018,15606
2703106,2018,25649
2703205,2018,24408
2703304,2018,18378
2703403,2018,5288
2703502,2018,7036
2703601,2018,8317
2703700,2018,5597
2703759,2018,11624
2703809,2018,23903
2703908,2018,4175
2704005,2018,24731
2704104,2018,17934
2704203,2018,28495
2704302,2018,1012382
2704401,2018,19891
2704500,2018,32369
2704609,2018,9326
2704708,2018,51364
2704807,2018,13337
2704906,2018,3534
2705002,2018,25226
2705101,2018,24649
2705200,2018,17676
2705309,2018,5337
2705408,2018,7153
2705507,2018,28137
2705606,2018,12615
2705705,2018,21437
2705804,2018,9303
2705903,2018,5117
2706000,2018,11591
2706109,2018,11456
2706208,2018,4985
2706307,2018,73096
2706406,2018,24446
2706422,2018,10527
2706448,2018,13016
2706505,2018,15232
2706604,2018,7568
2706703,2018,63516
2706802,2018,17805
2706901,2018,35008
2707008,2018,2911
2707107,2018,24891
2707206,2018,14354
2707305,2018,27079
2707404,2018,7873
2707503,2018,20018
2707602,2018,11342
2707701,2018,74838
2707800,2018,6680
2707909,2018,7272
2708006,2018,47486
2708105,2018,10755
2708204,2018,6953
2708303,2018,23855
2708402,2018,32111
2708501,2018,34415
2708600,2018,60775
2708709,2018,7888
2708808,2018,34011
2708907,2018,13716
2708956,2018,13818
2709004,2018,6187
2709103,2018,19886
2709152,2018,43960
2709202,2018,27632
2709301,2018,65461
2709400,2018,25773
2700102,2019,20196
2700201,2019,17545
2700300,2019,231747
2700409,2019,47185
2700508,2019,15932
2700607,2019,8322
2700706,2019,18232
2700805,2019,4344
2700904,2019,6704
2701001,2019,27281
2701100,2019,10494
2701209,2019,10858
2701308,2019,21264
2701357,2019,6936
2701407,2019,57063
2701506,2019,9558
2701605,2019,17722
2701704,2019,17053
2701803,2019,9081
2701902,2019,7311
2702009,2019,10693
2702108,2019,21698
2702207,2019,5845
2702306,2019,56933
2702355,2019,24219
2702405,2019,52016
2702504,2019,11075
2702553,2019,18205
2702603,2019,22166
2702702,2019,4754
2702801,2019,12790
2702900,2019,40917
2703007,2019,15616
2703106,2019,25631
2703205,2019,24499
2703304,2019,18385
2703403,2019,5253
2703502,2019,7021
2703601,2019,8361
2703700,2019,5770
2703759,2019,11580
2703809,2019,23993
2703908,2019,4155
2704005,2019,24727
2704104,2019,17852
2704203,2019,28635
2704302,2019,1018948
2704401,2019,19804
2704500,2019,32704
2704609,2019,9163
2704708,2019,51901
2704807,2019,13264
2704906,2019,3514
2705002,2019,25216
2705101,2019,24642
2705200,2019,17856
2705309,2019,5329
2705408,2019,7159
2705507,2019,28236
2705606,2019,12690
2705705,2019,21688
2705804,2019,9373
2705903,2019,5123
2706000,2019,11624
2706109,2019,11496
2706208,2019,5011
2706307,2019,73218
2706406,2019,24399
2706422,2019,10533
2706448,2019,13176
2706505,2019,15245
2706604,2019,7564
2706703,2019,63683
2706802,2019,17827
2706901,2019,35111
2707008,2019,2908
2707107,2019,25039
2707206,2019,14386
2707305,2019,27165
2707404,2019,7786
2707503,2019,20066
2707602,2019,11294
2707701,2019,75120
2707800,2019,6664
2707909,2019,7296
2708006,2019,47654
2708105,2019,10740
2708204,2019,6961
2708303,2019,23927
2708402,2019,32260
2708501,2019,34555
2708600,2019,61251
2708709,2019,7951
2708808,2019,34152
2708907,2019,13828
2708956,2019,13870
2709004,2019,6162
2709103,2019,19980
2709152,2019,44169
2709202,2019,27715
2709301,2019,65611
2709400,2019,25733
2700102,2020,20230
2700201,2020,17526
2700300,2020,233047
2700409,2020,47365
2700508,2020,16068
2700607,2020,8378
2700706,2020,18338
2700805,2020,4284
2700904,2020,6710
2701001,2020,27356
2701100,2020,10460
2701209,2020,10889
2701308,2020,21331
2701357,2020,6954
2701407,2020,57537
2701506,2020,9567
2701605,2020,17719
2701704,2020,16979
2701803,2020,9159
2701902,2020,7311
2702009,2020,10643
2702108,2020,21818
2702207,2020,5864
2702306,2020,57294
2702355,2020,24309
2702405,2020,52262
2702504,2020,11067
2702553,2020,18255
2702603,2020,22178
2702702,2020,4779
2702801,2020,12807
2702900,2020,41237
2703007,2020,15627
2703106,2020,25613
2703205,2020,24586
2703304,2020,18392
2703403,2020,5219
2703502,2020,7006
2703601,2020,8403
2703700,2020,5761
2703759,2020,11536
2703809,2020,24081
2703908,2020,4137
2704005,2020,24722
2704104,2020,17771
2704203,2020,28771
2704302,2020,1025360
2704401,2020,19864
2704500,2020,33032
2704609,2020,9004
2704708,2020,52380
2704807,2020,13193
2704906,2020,3494
2705002,2020,25207
2705101,2020,24634
2705200,2020,18031
2705309,2020,5322
2705408,2020,7165
2705507,2020,28333
2705606,2020,12764
2705705,2020,21738
2705804,2020,9441
2705903,2020,5128
2706000,2020,11657
2706109,2020,11535
2706208,2020,5037
2706307,2020,73337
2706406,2020,24351
2706422,2020,10539
2706448,2020,13332
2706505,2020,15258
2706604,2020,7560
2706703,2020,63846
2706802,2020,17848
2706901,2020,35212
2707008,2020,2905
2707107,2020,25183
2707206,2020,14418
2707305,2020,27249
2707404,2020,7701
2707503,2020,20112
2707602,2020,11248
2707701,2020,75394
2707800,2020,6649
2707909,2020,7320
2708006,2020,47819
2708105,2020,10687
2708204,2020,6969
2708303,2020,23996
2708402,2020,32405
2708501,2020,34692
2708600,2020,61797
2708709,2020,8013
2708808,2020,34290
2708907,2020,13936
2708956,2020,13921
2709004,2020,6138
2709103,2020,20072
2709152,2020,44372
2709202,2020,27826
2709301,2020,65790
2709400,2020,25693
2700102,2021,20263
2700201,2021,17507
2700300,2021,234309
2700409,2021,47540
2700508,2021,16201
2700607,2021,8434
2700706,2021,18440
2700805,2021,4226
2700904,2021,6717
2701001,2021,27429
2701100,2021,10426
2701209,2021,10920
2701308,2021,21397
2701357,2021,6972
2701407,2021,57997
2701506,2021,9576
2701605,2021,17715
2701704,2021,16907
2701803,2021,9568
2701902,2021,7311
2702009,2021,10594
2702108,2021,21935
2702207,2021,5882
2702306,2021,57647
2702355,2021,24396
2702405,2021,52501
2702504,2021,11059
2702553,2021,18304
2702603,2021,22192
2702702,2021,4803
2702801,2021,12823
2702900,2021,41549
2703007,2021,15637
2703106,2021,25596
2703205,2021,24670
2703304,2021,18398
2703403,2021,5185
2703502,2021,6992
2703601,2021,8444
2703700,2021,5751
2703759,2021,11495
2703809,2021,24167
2703908,2021,4119
2704005,2021,24716
2704104,2021,17692
2704203,2021,28904
2704302,2021,1031597
2704401,2021,19923
2704500,2021,33351
2704609,2021,8850
2704708,2021,52848
2704807,2021,13123
2704906,2021,3474
2705002,2021,25200
2705101,2021,24627
2705200,2021,18201
2705309,2021,5315
2705408,2021,7171
2705507,2021,28428
2705606,2021,12837
2705705,2021,21690
2705804,2021,9507
2705903,2021,5133
2706000,2021,11681
2706109,2021,11573
2706208,2021,5061
2706307,2021,73452
2706406,2021,24307
2706422,2021,10546
2706448,2021,13484
2706505,2021,15270
2706604,2021,7556
2706703,2021,64005
2706802,2021,17868
2706901,2021,35310
2707008,2021,2903
2707107,2021,25324
2707206,2021,14447
2707305,2021,27331
2707404,2021,7618
2707503,2021,20158
2707602,2021,11202
2707701,2021,75662
2707800,2021,6634
2707909,2021,7344
2708006,2021,47910
2708105,2021,10637
2708204,2021,6977
2708303,2021,24064
2708402,2021,32462
2708501,2021,34825
2708600,2021,62328
2708709,2021,8073
2708808,2021,34424
2708907,2021,14042
2708956,2021,13893
2709004,2021,6115
2709103,2021,20162
2709152,2021,44570
2709202,2021,27934
2709301,2021,65963
2709400,2021,25655
2700102,2022,19008
2700201,2022,13966
2700300,2022,234696
2700409,2022,37512
2700508,2022,16365
2700607,2022,7944
2700706,2022,16448
2700805,2022,4722
2700904,2022,5936
2701001,2022,21187
2701100,2022,9603
2701209,2022,10482
2701308,2022,16024
2701357,2022,6665
2701407,2022,32106
2701506,2022,8143
2701605,2022,15559
2701704,2022,15032
2701803,2022,8999
2701902,2022,5910
2702009,2022,10810
2702108,2022,15816
2702207,2022,5581
2702306,2022,50414
2702355,2022,25397
2702405,2022,51318
2702504,2022,9805
2702553,2022,15429
2702603,2022,22712
2702702,2022,3963
2702801,2022,9618
2702900,2022,36102
2703007,2022,13731
2703106,2022,23995
2703205,2022,21372
2703304,2022,15167
2703403,2022,5083
2703502,2022,5352
2703601,2022,9219
2703700,2022,4985
2703759,2022,9470
2703809,2022,17150
2703908,2022,4092
2704005,2022,23907
2704104,2022,18457
2704203,2022,24740
2704302,2022,957916
2704401,2022,17700
2704500,2022,32174
2704609,2022,9534
2704708,2022,60370
2704807,2022,13679
2704906,2022,3155
2705002,2022,21844
2705101,2022,23857
2705200,2022,15405
2705309,2022,4845
2705408,2022,7184
2705507,2022,25187
2705606,2022,10020
2705705,2022,20695
2705804,2022,8349
2705903,2022,4330
2706000,2022,10812
2706109,2022,11446
2706208,2022,4325
2706307,2022,71574
2706406,2022,23823
2706422,2022,10573
2706448,2022,13835
2706505,2022,13804
2706604,2022,6576
2706703,2022,58650
2706802,2022,15908
2706901,2022,35370
2707008,2022,2731
2707107,2022,22609
2707206,2022,12518
2707305,2022,24071
2707404,2022,9295
2707503,2022,20082
2707602,2022,11080
2707701,2022,93927
2707800,2022,6474
2707909,2022,6919
2708006,2022,46220
2708105,2022,11323
2708204,2022,6555
2708303,2022,20813
2708402,2022,30604
2708501,2022,30873
2708600,2022,51990
2708709,2022,8482
2708808,2022,31786
2708907,2022,24278
2708956,2022,12303
2709004,2022,5796
2709103,2022,19032
2709152,2022,38053
2709202,2022,23565
2709301,2022,59280
2709400,2022,24092
2700102,2023,19174
2700201,2023,13966
2700300,2023,234696
2700409,2023,37512
2700508,2023,16365
2700607,2023,7944
2700706,2023,16774
2700805,2023,4722
2700904,2023,5787
2701001,2023,21187
2701100,2023,9603
2701209,2023,10477
2701308,2023,16359
2701357,2023,6665
2701407,2023,32106
2701506,2023,8143
2701605,2023,15376
2701704,2023,14817
2701803,2023,8999
2701902,2023,5910
2702009,2023,10810
2702108,2023,15717
2702207,2023,5581
2702306,2023,50414
2702355,2023,24686
2702405,2023,51318
2702504,2023,9721
2702553,2023,15429
2702603,2023,22712
2702702,2023,3963
2702801,2023,9618
2702900,2023,36238
2703007,2023,13731
2703106,2023,24594
2703205,2023,21721
2703304,2023,15167
2703403,2023,5083
2703502,2023,5352
2703601,2023,9219
2703700,2023,4985
2703759,2023,9470
2703809,2023,17150
2703908,2023,4092
2704005,2023,23907
2704104,2023,18457
2704203,2023,24740
2704302,2023,957916
2704401,2023,17503
2704500,2023,32174
2704609,2023,9534
2704708,2023,60370
2704807,2023,13679
2704906,2023,3155
2705002,2023,21861
2705101,2023,23857
2705200,2023,15405
2705309,2023,4845
2705408,2023,7184
2705507,2023,25187
2705606,2023,10119
2705705,2023,20715
2705804,2023,8349
2705903,2023,4306
2706000,2023,10824
2706109,2023,11446
2706208,2023,4325
2706307,2023,71574
2706406,2023,23823
2706422,2023,10573
2706448,2023,13835
2706505,2023,13804
2706604,2023,6576
2706703,2023,58593
2706802,2023,15908
2706901,2023,35370
2707008,2023,2731
2707107,2023,22609
2707206,2023,12728
2707305,2023,24071
2707404,2023,9295
2707503,2023,19846
2707602,2023,11080
2707701,2023,93927
2707800,2023,6474
2707909,2023,6919
2708006,2023,46087
2708105,2023,11323
2708204,2023,6425
2708303,2023,20813
2708402,2023,30604
2708501,2023,30873
2708600,2023,51990
2708709,2023,8482
2708808,2023,31730
2708907,2023,24278
2708956,2023,12303
2709004,2023,5796
2709103,2023,19032
2709152,2023,38053
2709202,2023,23695
2709301,2023,59280
2709400,2023,23972
2700102,2024,19550
2700201,2024,14193
2700300,2024,243661
2700409,2024,38530
2700508,2024,16735
2700607,2024,8118
2700706,2024,17103
2700805,2024,4820
2700904,2024,5898
2701001,2024,21517
2701100,2024,9786
2701209,2024,10701
2701308,2024,16605
2701357,2024,6807
2701407,2024,32714
2701506,2024,8293
2701605,2024,15743
2701704,2024,15068
2701803,2024,9200
2701902,2024,6010
2702009,2024,11036
2702108,2024,15949
2702207,2024,5700
2702306,2024,51788
2702355,2024,26115
2702405,2024,52809
2702504,2024,9906
2702553,2024,15701
2702603,2024,23191
2702702,2024,4038
2702801,2024,9767
2702900,2024,37335
2703007,2024,13992
2703106,2024,24452
2703205,2024,22125
2703304,2024,15417
2703403,2024,5182
2703502,2024,5432
2703601,2024,9443
2703700,2024,5075
2703759,2024,9625
2703809,2024,17386
2703908,2024,4176
2704005,2024,24381
2704104,2024,18831
2704203,2024,25197
2704302,2024,994464
2704401,2024,17834
2704500,2024,33232
2704609,2024,9715
2704708,2024,62341
2704807,2024,13968
2704906,2024,3212
2705002,2024,22147
2705101,2024,24330
2705200,2024,15707
2705309,2024,4938
2705408,2024,7341
2705507,2024,25933
2705606,2024,10298
2705705,2024,21132
2705804,2024,8522
2705903,2024,4384
2706000,2024,11048
2706109,2024,11699
2706208,2024,4410
2706307,2024,73596
2706406,2024,24291
2706422,2024,10803
2706448,2024,14176
2706505,2024,14076
2706604,2024,6697
2706703,2024,60189
2706802,2024,16201
2706901,2024,36499
2707008,2024,2786
2707107,2024,23053
2707206,2024,12974
2707305,2024,24520
2707404,2024,9508
2707503,2024,20262
2707602,2024,11305
2707701,2024,97435
2707800,2024,6607
2707909,2024,7065
2708006,2024,47397
2708105,2024,11568
2708204,2024,6557
2708303,2024,21193
2708402,2024,31557
2708501,2024,31792
2708600,2024,53391
2708709,2024,8687
2708808,2024,32701
2708907,2024,25000
2708956,2024,12549
2709004,2024,5909
2709103,2024,19422
2709152,2024,39161
2709202,2024,24124
2709301,2024,60874
2709400,2024,24423
2700102,2025,19550
2700201,2025,14167
2700300,2025,243906
2700409,2025,38480
2700508,2025,16756
2700607,2025,8123
2700706,2025,17103
2700805,2025,4819
2700904,2025,5895
2701001,2025,21479
2701100,2025,9779
2701209,2025,10705
2701308,2025,16572
2701357,2025,6808
2701407,2025,32558
2701506,2025,8285
2701605,2025,15730
2701704,2025,15051
2701803,2025,9206
2701902,2025,6000
2702009,2025,11036
2702108,2025,15915
2702207,2025,5701
2702306,2025,51784
2702355,2025,26144
2702405,2025,52845
2702504,2025,9898
2702553,2025,15688
2702603,2025,23204
2702702,2025,4035
2702801,2025,9745
2702900,2025,37337
2703007,2025,13982
2703106,2025,24445
2703205,2025,22113
2703304,2025,15396
2703403,2025,5180
2703502,2025,5419
2703601,2025,9457
2703700,2025,5069
2703759,2025,9607
2703809,2025,17342
2703908,2025,4175
2704005,2025,24382
2704104,2025,18836
2704203,2025,25184
2704302,2025,994952
2704401,2025,17828
2704500,2025,33269
2704609,2025,9709
2704708,2025,62477
2704807,2025,13970
2704906,2025,3208
2705002,2025,22126
2705101,2025,24331
2705200,2025,15706
2705309,2025,4935
2705408,2025,7344
2705507,2025,25926
2705606,2025,10285
2705705,2025,21135
2705804,2025,8522
2705903,2025,4381
2706000,2025,11047
2706109,2025,11706
2706208,2025,4408
2706307,2025,73621
2706406,2025,24291
2706422,2025,10807
2706448,2025,14199
2706505,2025,14070
2706604,2025,6691
2706703,2025,60185
2706802,2025,16192
2706901,2025,36525
2707008,2025,2786
2707107,2025,23053
2707206,2025,12965
2707305,2025,24509
2707404,2025,9517
2707503,2025,20273
2707602,2025,11303
2707701,2025,97658
2707800,2025,6606
2707909,2025,7066
2708006,2025,47418
2708105,2025,11572
2708204,2025,6557
2708303,2025,21180
2708402,2025,31569
2708501,2025,31785
2708600,2025,53380
2708709,2025,8700
2708808,2025,32707
2708907,2025,25105
2708956,2025,12545
2709004,2025,5906
2709103,2025,19428
2709152,2025,39143
2709202,2025,24106
2709301,2025,60860
2709400,2025,24414